year,film,wiki,genres
1927,Wings ,/wiki/Wings_(1927_film),"action,drama,romance,war"
1927,7th Heaven ,/wiki/7th_Heaven_(1927_film),drama
1927,The Racket ,/wiki/The_Racket_(1928_film),"drama,fantasy,mystery,sci-fi,thriller"
1928,The Broadway Melody,/wiki/The_Broadway_Melody,"drama,musical,romance"
1928,Alibi ,/wiki/Alibi_(1929_film),"crime,thriller"
1928,In Old Arizona,/wiki/In_Old_Arizona,"short,western"
1928,The Patriot ,/wiki/The_Patriot_(1928_film),"action,drama,history,war"
1929,All Quiet on the Western Front ,/wiki/All_Quiet_on_the_Western_Front_(1930_film),"drama,war"
1929,The Big House ,/wiki/The_Big_House_(1930_film),"action,comedy,crime"
1929,Disraeli ,/wiki/Disraeli_(1929_film),"crime,drama,thriller"
1929,The Divorcee,/wiki/The_Divorcee,"comedy,drama,western"
1929,The Love Parade,/wiki/The_Love_Parade,"comedy,musical,romance"
1930,Cimarron ,/wiki/Cimarron_(1931_film),"drama,western"
1930,The Front Page ,/wiki/The_Front_Page_(1931_film),"comedy,drama,romance"
1930,Skippy ,/wiki/Skippy_(film),"comedy,drama,romance"
1931,Grand Hotel ,/wiki/Grand_Hotel_(1932_film),"adventure,comedy,crime"
1931,Bad Girl ,/wiki/Bad_Girl_(1931_film),"drama,sport"
1931,The Champ ,/wiki/The_Champ_(1931_film),"drama,sport"
1931,Five Star Final,/wiki/Five_Star_Final,"crime,drama,music"
1931,One Hour with You,/wiki/One_Hour_with_You,"comedy,musical,romance"
1931,Shanghai Express ,/wiki/Shanghai_Express_(film),"adventure,comedy,crime,drama,romance"
1931,The Smiling Lieutenant,/wiki/The_Smiling_Lieutenant,"comedy,musical,romance"
1932,Cavalcade ,/wiki/Cavalcade_(1933_film),"biography,drama"
1932,42nd Street ,/wiki/42nd_Street_(film),"comedy,drama,music,musical,romance"
1932,A Farewell to Arms ,/wiki/A_Farewell_to_Arms_(1932_film),"drama,romance,war"
1932,I Am a Fugitive from a Chain Gang,/wiki/I_Am_a_Fugitive_from_a_Chain_Gang,"crime,drama,film-noir"
1932,Lady for a Day,/wiki/Lady_for_a_Day,"comedy,drama"
1932,Little Women ,/wiki/Little_Women_(1933_film),"drama,romance"
1932,The Private Life of Henry VIII,/wiki/The_Private_Life_of_Henry_VIII,drama
1932,She Done Him Wrong,/wiki/She_Done_Him_Wrong,"comedy,drama,history"
1932,Smilin' Through ,/wiki/Smilin%27_Through_(1932_film),"biography,documentary,history"
1932,State Fair ,/wiki/State_Fair_(1933_film),"comedy,drama,musical,romance"
1934,It Happened One Night,/wiki/It_Happened_One_Night,"comedy,drama,family"
1934,The Barretts of Wimpole Street ,/wiki/The_Barretts_of_Wimpole_Street_(1934_film),"biography,comedy,crime,drama"
1934,Cleopatra ,/wiki/Cleopatra_(1934_film),"biography,drama,history,romance"
1934,Flirtation Walk,/wiki/Flirtation_Walk,musical
1934,The Gay Divorcee,/wiki/The_Gay_Divorcee,"comedy,musical,romance"
1934,Here Comes the Navy,/wiki/Here_Comes_the_Navy,"comedy,drama,romance"
1934,The House of Rothschild,/wiki/The_House_of_Rothschild,"biography,drama,history"
1934,Imitation of Life ,/wiki/Imitation_of_Life_(1934_film),drama
1934,One Night of Love,/wiki/One_Night_of_Love,"comedy,music,romance"
1934,The Thin Man ,/wiki/The_Thin_Man_(film),"comedy,crime,mystery,romance"
1934,Viva Villa!,/wiki/Viva_Villa!,western
1934,The White Parade,/wiki/The_White_Parade,drama
1935,Mutiny on the Bounty ,/wiki/Mutiny_on_the_Bounty_(1935_film),"adventure,drama,history,romance"
1935,Alice Adams ,/wiki/Alice_Adams_(1935_film),"comedy,drama,romance"
1935,Broadway Melody of 1936,/wiki/Broadway_Melody_of_1936,"comedy,music,musical"
1935,Captain Blood ,/wiki/Captain_Blood_(1935_film),"action,adventure,history,romance"
1935,David Copperfield ,/wiki/David_Copperfield_(1935_film),"comedy,drama"
1935,The Informer ,/wiki/The_Informer_(1935_film),"action,crime,drama,thriller"
1935,The Lives of a Bengal Lancer ,/wiki/The_Lives_of_a_Bengal_Lancer_(film),[]
1935,A Midsummer Night's Dream ,/wiki/A_Midsummer_Night%27s_Dream_(1935_film),[]
1935,Les Misérables ,/wiki/Les_Mis%C3%A9rables_(1935_film),"crime,drama,thriller"
1935,Ruggles of Red Gap,/wiki/Ruggles_of_Red_Gap,"comedy,music,mystery"
1935,Top Hat,/wiki/Top_Hat,"comedy,musical,romance"
1936,The Great Ziegfeld,/wiki/The_Great_Ziegfeld,"biography,documentary,history"
1936,Anthony Adverse,/wiki/Anthony_Adverse,"adventure,drama,romance"
1936,Libeled Lady,/wiki/Libeled_Lady,"comedy,romance"
1936,Mr. Deeds Goes to Town,/wiki/Mr._Deeds_Goes_to_Town,"comedy,drama,romance"
1936,Romeo and Juliet ,/wiki/Romeo_and_Juliet_(1936_film),"drama,romance"
1936,San Francisco ,/wiki/San_Francisco_(1936_film),"drama,history,romance"
1936,The Story of Louis Pasteur,/wiki/The_Story_of_Louis_Pasteur,"biography,drama,history"
1936,A Tale of Two Cities ,/wiki/A_Tale_of_Two_Cities_(1935_film),"drama,horror,mystery,thriller"
1936,Three Smart Girls,/wiki/Three_Smart_Girls,"comedy,musical,romance"
1937,The Life of Emile Zola,/wiki/The_Life_of_Emile_Zola,"comedy,drama"
1937,The Awful Truth,/wiki/The_Awful_Truth,"action,drama,mystery"
1937,Dead End ,/wiki/Dead_End_(1937_film),"horror,thriller"
1937,The Good Earth ,/wiki/The_Good_Earth_(film),"drama,romance"
1937,In Old Chicago,/wiki/In_Old_Chicago,"action,drama,musical"
1937,Lost Horizon ,/wiki/Lost_Horizon_(1937_film),"drama,romance"
1937,One Hundred Men and a Girl,/wiki/One_Hundred_Men_and_a_Girl,"comedy,drama,music"
1937,Stage Door,/wiki/Stage_Door,"comedy,drama,musical"
1937,A Star Is Born ,/wiki/A_Star_Is_Born_(1937_film),"drama,music,romance"
1938,You Can't Take It with You ,/wiki/You_Can%27t_Take_It_with_You_(film),"comedy,drama,romance"
1938,The Adventures of Robin Hood,/wiki/The_Adventures_of_Robin_Hood,"action,adventure,family"
1938,Boys Town ,/wiki/Boys_Town_(film),"biography,drama,family,music"
1938,The Citadel ,/wiki/The_Citadel_(1938_film),"drama,history,war"
1938,Four Daughters,/wiki/Four_Daughters,"drama,fantasy,short"
1938,La Grande Illusion,/wiki/La_Grande_Illusion,"comedy,romance"
1938,Jezebel ,/wiki/Jezebel_(1938_film),"drama,romance"
1939,Gone with the Wind ,/wiki/Gone_with_the_Wind_(film),"drama,romance,war"
1939,Dark Victory,/wiki/Dark_Victory,"drama,horror,mystery"
1939,"Goodbye, Mr. Chips ","/wiki/Goodbye,_Mr._Chips_(1939_film)","drama,music"
1939,Love Affair ,/wiki/Love_Affair_(1939_film),"comedy,drama,romance"
1939,Mr. Smith Goes to Washington,/wiki/Mr._Smith_Goes_to_Washington,"documentary,talk-show"
1939,Ninotchka,/wiki/Ninotchka,"comedy,drama"
1939,Of Mice and Men ,/wiki/Of_Mice_and_Men_(1939_film),"drama,western"
1939,Stagecoach ,/wiki/Stagecoach_(1939_film),"adventure,drama,western"
1939,The Wizard of Oz ,/wiki/The_Wizard_of_Oz_(1939_film),"adventure,family,fantasy,musical"
1939,Wuthering Heights ,/wiki/Wuthering_Heights_(1939_film),"drama,romance"
1940,Rebecca ,/wiki/Rebecca_(1940_film),"drama,film-noir,mystery,romance,thriller"
1940,"All This, and Heaven Too","/wiki/All_This,_and_Heaven_Too","drama,romance"
1940,Foreign Correspondent ,/wiki/Foreign_Correspondent_(film),"action,romance,thriller,war"
1940,The Grapes of Wrath ,/wiki/The_Grapes_of_Wrath_(film),drama
1940,The Great Dictator,/wiki/The_Great_Dictator,"comedy,drama,war"
1940,The Letter ,/wiki/The_Letter_(1940_film),"crime,drama,film-noir,mystery,romance"
1940,The Long Voyage Home,/wiki/The_Long_Voyage_Home,"drama,war"
1940,Our Town ,/wiki/Our_Town_(1940_film),"crime,mystery,thriller"
1940,The Philadelphia Story ,/wiki/The_Philadelphia_Story_(film),"comedy,romance"
1941,How Green Was My Valley ,/wiki/How_Green_Was_My_Valley_(film),"drama,family"
1941,Blossoms in the Dust,/wiki/Blossoms_in_the_Dust,"biography,drama,romance"
1941,Citizen Kane,/wiki/Citizen_Kane,"comedy,short"
1941,Here Comes Mr. Jordan,/wiki/Here_Comes_Mr._Jordan,"comedy,fantasy,romance"
1941,Hold Back the Dawn,/wiki/Hold_Back_the_Dawn,"drama,romance"
1941,The Little Foxes ,/wiki/The_Little_Foxes_(film),drama
1941,The Maltese Falcon ,/wiki/The_Maltese_Falcon_(1941_film),"crime,film-noir,mystery,romance"
1941,One Foot in Heaven,/wiki/One_Foot_in_Heaven,"biography,drama,romance"
1941,Sergeant York ,/wiki/Sergeant_York_(film),"biography,drama,history,romance,war"
1941,Suspicion ,/wiki/Suspicion_(1941_film),"crime,drama,mystery,thriller"
1942,Mrs. Miniver,/wiki/Mrs._Miniver,"drama,romance,war"
1942,49th Parallel ,/wiki/49th_Parallel_(film),"drama,thriller,war"
1942,Kings Row,/wiki/Kings_Row,drama
1942,The Magnificent Ambersons ,/wiki/The_Magnificent_Ambersons_(film),"action,adventure,drama,western"
1942,The Pied Piper ,/wiki/The_Pied_Piper_(1942_film),"horror,mystery,thriller"
1942,The Pride of the Yankees,/wiki/The_Pride_of_the_Yankees,"biography,drama,romance"
1942,The Talk of the Town ,/wiki/The_Talk_of_the_Town_(1942_film),"comedy,drama,romance,thriller"
1942,Yankee Doodle Dandy,/wiki/Yankee_Doodle_Dandy,"biography,drama,family"
1943,Casablanca ,/wiki/Casablanca_(film),"drama,romance,war"
1943,For Whom the Bell Tolls ,/wiki/For_Whom_the_Bell_Tolls_(film),"adventure,drama,history,romance,war"
1943,Heaven Can Wait ,/wiki/Heaven_Can_Wait_(1943_film),"comedy,fantasy,romance,sport"
1943,The Human Comedy ,/wiki/The_Human_Comedy_(film),"comedy,drama,family,romance,war"
1943,In Which We Serve,/wiki/In_Which_We_Serve,"drama,war"
1943,Madame Curie ,/wiki/Madame_Curie_(film),"biography,drama,music,romance"
1943,The More the Merrier,/wiki/The_More_the_Merrier,"action,adventure,animation"
1943,The Ox-Bow Incident,/wiki/The_Ox-Bow_Incident,"drama,western"
1943,The Song of Bernadette ,/wiki/The_Song_of_Bernadette_(film),"adventure,animation,drama,family,fantasy"
1943,Watch on the Rhine,/wiki/Watch_on_the_Rhine,"adventure,comedy,history"
1944,Going My Way,/wiki/Going_My_Way,"comedy,romance,short"
1944,Double Indemnity,/wiki/Double_Indemnity,"comedy,fantasy,sci-fi"
1944,Gaslight ,/wiki/Gaslight_(1944_film),"comedy,drama,romance"
1944,Since You Went Away,/wiki/Since_You_Went_Away,"comedy,drama,mystery"
1944,Wilson ,/wiki/Wilson_(1944_film),"comedy,drama"
1945,The Lost Weekend ,/wiki/The_Lost_Weekend_(film),"drama,film-noir"
1945,Anchors Aweigh ,/wiki/Anchors_Aweigh_(film),"comedy,fantasy,musical"
1945,The Bells of St. Mary's,/wiki/The_Bells_of_St._Mary%27s,"action,adventure,crime"
1945,Mildred Pierce ,/wiki/Mildred_Pierce_(film),"crime,drama,film-noir,mystery,romance"
1945,Spellbound ,/wiki/Spellbound_(1945_film),"comedy,fantasy,horror,romance"
1946,The Best Years of Our Lives,/wiki/The_Best_Years_of_Our_Lives,"drama,romance,war"
1946,Henry V ,/wiki/Henry_V_(1944_film),"biography,drama,history,war"
1946,It's a Wonderful Life,/wiki/It%27s_a_Wonderful_Life,"action,adventure,animation"
1946,The Razor's Edge ,/wiki/The_Razor%27s_Edge_(1946_film),"drama,romance,war"
1946,The Yearling ,/wiki/The_Yearling_(1946_film),"drama,family,western"
1947,Gentleman's Agreement,/wiki/Gentleman%27s_Agreement,"documentary,history"
1947,The Bishop's Wife,/wiki/The_Bishop%27s_Wife,"comedy,drama,fantasy"
1947,Crossfire ,/wiki/Crossfire_(film),"action,crime,drama"
1947,Great Expectations ,/wiki/Great_Expectations_(1946_film),"drama,romance"
1947,Miracle on 34th Street,/wiki/Miracle_on_34th_Street,"comedy,fantasy,sci-fi"
1948,Hamlet ,/wiki/Hamlet_(1948_film),drama
1948,Johnny Belinda ,/wiki/Johnny_Belinda_(1948_film),drama
1948,The Red Shoes ,/wiki/The_Red_Shoes_(1948_film),"drama,music,romance"
1948,The Snake Pit,/wiki/The_Snake_Pit,"adventure,drama,family"
1948,The Treasure of the Sierra Madre ,/wiki/The_Treasure_of_the_Sierra_Madre_(film),"adventure,drama,western"
1949,All the King's Men ,/wiki/All_the_King%27s_Men_(1949_film),"drama,thriller"
1949,Battleground ,/wiki/Battleground_(film),documentary
1949,The Heiress,/wiki/The_Heiress,"adventure,crime,mystery"
1949,A Letter to Three Wives,/wiki/A_Letter_to_Three_Wives,"comedy,drama,romance"
1949,Twelve O'Clock High,/wiki/Twelve_O%27Clock_High,"drama,war"
1950,All About Eve,/wiki/All_About_Eve,"drama,family,sci-fi"
1950,Born Yesterday ,/wiki/Born_Yesterday_(1950_film),"comedy,romance"
1950,Father of the Bride ,/wiki/Father_of_the_Bride_(1950_film),"comedy,family,romance"
1950,King Solomon's Mines ,/wiki/King_Solomon%27s_Mines_(1950_film),"action,adventure,comedy,romance"
1950,Sunset Boulevard ,/wiki/Sunset_Boulevard_(film),"drama,film-noir"
1951,An American in Paris ,/wiki/An_American_in_Paris_(film),"drama,musical,romance"
1951,Decision Before Dawn,/wiki/Decision_Before_Dawn,"drama,war"
1951,A Place in the Sun ,/wiki/A_Place_in_the_Sun_(1951_film),"drama,romance"
1951,Quo Vadis ,/wiki/Quo_Vadis_(1951_film),"biography,drama,romance"
1951,A Streetcar Named Desire ,/wiki/A_Streetcar_Named_Desire_(1951_film),drama
1952,The Greatest Show on Earth ,/wiki/The_Greatest_Show_on_Earth_(film),"drama,family,romance"
1952,High Noon,/wiki/High_Noon,"action,crime,drama"
1952,Ivanhoe ,/wiki/Ivanhoe_(1952_film),"comedy,drama"
1952,Moulin Rouge ,/wiki/Moulin_Rouge_(1952_film),"drama,musical,romance"
1952,The Quiet Man,/wiki/The_Quiet_Man,"action,crime,drama"
1953,From Here to Eternity,/wiki/From_Here_to_Eternity,"drama,romance,war"
1953,Julius Caesar ,/wiki/Julius_Caesar_(1953_film),"drama,history"
1953,The Robe ,/wiki/The_Robe_(film),"drama,history,romance"
1953,Roman Holiday,/wiki/Roman_Holiday,"comedy,drama,romance"
1953,Shane ,/wiki/Shane_(film),"biography,documentary,music"
1954,On the Waterfront,/wiki/On_the_Waterfront,"crime,drama,thriller"
1954,The Caine Mutiny ,/wiki/The_Caine_Mutiny_(film),"drama,war"
1954,The Country Girl ,/wiki/The_Country_Girl_(1954_film),"comedy,drama,romance"
1954,Seven Brides for Seven Brothers,/wiki/Seven_Brides_for_Seven_Brothers,"comedy,drama,musical"
1954,Three Coins in the Fountain ,/wiki/Three_Coins_in_the_Fountain_(film),"action,adventure,drama"
1955,Marty ,/wiki/Marty_(film),"drama,romance"
1955,Love Is a Many-Splendored Thing ,/wiki/Love_Is_a_Many-Splendored_Thing_(film),"biography,drama,romance,war"
1955,Mister Roberts ,/wiki/Mister_Roberts_(1955_film),"comedy,drama,war"
1955,Picnic ,/wiki/Picnic_(1955_film),"adventure,drama,thriller"
1955,The Rose Tattoo ,/wiki/The_Rose_Tattoo_(film),"drama,music,romance"
1956,Around the World in 80 Days ,/wiki/Around_the_World_in_80_Days_(1956_film),"action,adventure,comedy,family,western"
1956,Giant ,/wiki/Giant_(1956_film),"drama,western"
1956,The King and I ,/wiki/The_King_and_I_(1956_film),"biography,drama,musical,romance"
1956,The Ten Commandments ,/wiki/The_Ten_Commandments_(1956_film),"adventure,drama,family,history"
1957,The Bridge on the River Kwai,/wiki/The_Bridge_on_the_River_Kwai,"adventure,drama,war"
1957,12 Angry Men ,/wiki/12_Angry_Men_(1957_film),"crime,drama"
1957,Sayonara,/wiki/Sayonara,"comedy,drama,family"
1957,Witness for the Prosecution ,/wiki/Witness_for_the_Prosecution_(1957_film),"crime,drama,mystery,thriller"
1958,Gigi ,/wiki/Gigi_(1958_film),"comedy,musical,romance"
1958,Auntie Mame ,/wiki/Auntie_Mame_(film),"comedy,drama,romance"
1958,Cat on a Hot Tin Roof ,/wiki/Cat_on_a_Hot_Tin_Roof_(1958_film),drama
1958,The Defiant Ones,/wiki/The_Defiant_Ones,"action,adventure,comedy"
1958,Separate Tables ,/wiki/Separate_Tables_(film),"drama,romance"
1959,Ben-Hur ,/wiki/Ben-Hur_(1959_film),"adventure,drama"
1959,Anatomy of a Murder,/wiki/Anatomy_of_a_Murder,"comedy,crime,drama"
1959,The Diary of Anne Frank ,/wiki/The_Diary_of_Anne_Frank_(1959_film),drama
1959,The Nun's Story ,/wiki/The_Nun%27s_Story_(film),"horror,mystery,thriller"
1960,The Apartment,/wiki/The_Apartment,"comedy,documentary,short"
1960,The Alamo ,/wiki/The_Alamo_(1960_film),"adventure,drama,history,war,western"
1960,Elmer Gantry ,/wiki/Elmer_Gantry_(film),drama
1960,Sons and Lovers ,/wiki/Sons_and_Lovers_(film),"action,adventure,comedy,thriller"
1960,The Sundowners ,/wiki/The_Sundowners_(1960_film),drama
1961,West Side Story ,/wiki/West_Side_Story_(1961_film),"crime,drama,musical,romance"
1961,Fanny ,/wiki/Fanny_(1961_film),drama
1961,The Guns of Navarone ,/wiki/The_Guns_of_Navarone_(film),"action,adventure,drama,war"
1961,The Hustler,/wiki/The_Hustler,"comedy,drama,family"
1961,Judgment at Nuremberg,/wiki/Judgment_at_Nuremberg,"comedy,crime,drama"
1962,Lawrence of Arabia ,/wiki/Lawrence_of_Arabia_(film),"adventure,biography,drama,war"
1962,The Longest Day ,/wiki/The_Longest_Day_(film),"action,drama,history,war"
1962,The Music Man ,/wiki/The_Music_Man_(1962_film),"comedy,family,musical,romance"
1962,Mutiny on the Bounty ,/wiki/Mutiny_on_the_Bounty_(1962_film),"adventure,drama,history,romance"
1962,To Kill a Mockingbird ,/wiki/To_Kill_a_Mockingbird_(film),"crime,drama"
1963,America America,/wiki/America_America,"action,crime,drama"
1963,Cleopatra ,/wiki/Cleopatra_(1963_film),"biography,drama,history,romance"
1963,How the West Was Won ,/wiki/How_the_West_Was_Won_(film),western
1963,Lilies of the Field ,/wiki/Lilies_of_the_Field_(1963_film),"comedy,drama"
1964,My Fair Lady ,/wiki/My_Fair_Lady_(film),"drama,family,musical,romance"
1964,Becket ,/wiki/Becket_(1964_film),"biography,drama,history"
1964,Dr. Strangelove,/wiki/Dr._Strangelove,"comedy,crime,drama"
1964,Mary Poppins ,/wiki/Mary_Poppins_(film),"comedy,family,fantasy,musical"
1964,Zorba the Greek ,/wiki/Zorba_the_Greek_(film),"comedy,drama"
1965,The Sound of Music ,/wiki/The_Sound_of_Music_(film),"biography,drama,family,musical,romance"
1965,Darling ,/wiki/Darling_(1965_film),"drama,thriller"
1965,Doctor Zhivago ,/wiki/Doctor_Zhivago_(film),"drama,romance,war"
1965,Ship of Fools ,/wiki/Ship_of_Fools_(film),comedy
1965,A Thousand Clowns,/wiki/A_Thousand_Clowns,"comedy,drama,romance"
1966,A Man for All Seasons ,/wiki/A_Man_for_All_Seasons_(1966_film),"biography,drama,history"
1966,Alfie ,/wiki/Alfie_(1966_film),"comedy,drama,romance"
1966,"The Russians Are Coming, the Russians Are Coming","/wiki/The_Russians_Are_Coming,_the_Russians_Are_Coming","comedy,crime"
1966,The Sand Pebbles ,/wiki/The_Sand_Pebbles_(film),"adventure,drama,romance,war"
1966,Who's Afraid of Virginia Woolf? ,/wiki/Who%27s_Afraid_of_Virginia_Woolf%3F_(film),drama
1967,In the Heat of the Night ,/wiki/In_the_Heat_of_the_Night_(film),"drama,mystery,thriller"
1967,Bonnie and Clyde ,/wiki/Bonnie_and_Clyde_(film),"action,biography,crime,drama"
1967,Doctor Dolittle ,/wiki/Doctor_Dolittle_(1967_film),"comedy,family,fantasy"
1967,The Graduate,/wiki/The_Graduate,"comedy,drama,romance"
1967,Guess Who's Coming to Dinner,/wiki/Guess_Who%27s_Coming_to_Dinner,"adventure,drama,romance"
1968,Oliver! ,/wiki/Oliver!_(film),"drama,family,musical"
1968,Funny Girl ,/wiki/Funny_Girl_(film),"biography,comedy,drama,musical,romance"
1968,The Lion in Winter ,/wiki/The_Lion_in_Winter_(1968_film),"biography,drama,history"
1968,"Rachel, Rachel","/wiki/Rachel,_Rachel","drama,romance"
1968,Romeo and Juliet ,/wiki/Romeo_and_Juliet_(1968_film),"drama,romance"
1969,Midnight Cowboy,/wiki/Midnight_Cowboy,"comedy,family"
1969,Anne of the Thousand Days,/wiki/Anne_of_the_Thousand_Days,"biography,drama,history"
1969,Butch Cassidy and the Sundance Kid,/wiki/Butch_Cassidy_and_the_Sundance_Kid,"biography,crime,drama"
1969,"Hello, Dolly! ","/wiki/Hello,_Dolly!_(film)","adventure,comedy,musical,romance"
1969,Z ,/wiki/Z_(1969_film),"comedy,drama"
1970,Patton ,/wiki/Patton_(film),"biography,drama,war"
1970,Airport ,/wiki/Airport_(1970_film),"action,drama,thriller"
1970,Five Easy Pieces,/wiki/Five_Easy_Pieces,"crime,drama,mystery"
1970,Love Story ,/wiki/Love_Story_(1970_film),"drama,romance"
1970,M*A*S*H ,/wiki/M*A*S*H_(film),"comedy,drama,war"
1971,The French Connection ,/wiki/The_French_Connection_(film),"action,crime,drama,thriller"
1971,A Clockwork Orange ,/wiki/A_Clockwork_Orange_(film),"crime,sci-fi"
1971,Fiddler on the Roof ,/wiki/Fiddler_on_the_Roof_(film),"drama,family,musical,romance"
1971,The Last Picture Show,/wiki/The_Last_Picture_Show,"horror,short"
1971,Nicholas and Alexandra,/wiki/Nicholas_and_Alexandra,"biography,documentary,short"
1972,The Godfather,/wiki/The_Godfather,"crime,drama,mystery"
1972,Cabaret ,/wiki/Cabaret_(1972_film),"drama,music,musical,romance"
1972,Deliverance,/wiki/Deliverance,"action,crime,drama"
1972,The Emigrants ,/wiki/The_Emigrants_(film),"drama,history"
1972,Sounder ,/wiki/Sounder_(film),"action,comedy,crime"
1973,The Sting,/wiki/The_Sting,"comedy,crime,drama"
1973,American Graffiti,/wiki/American_Graffiti,"biography,documentary"
1973,Cries and Whispers,/wiki/Cries_and_Whispers,"comedy,drama,mystery"
1973,The Exorcist,/wiki/The_Exorcist,"drama,horror,mystery"
1973,A Touch of Class ,/wiki/A_Touch_of_Class_(film),"comedy,romance"
1974,The Godfather Part II,/wiki/The_Godfather_Part_II,"crime,drama"
1974,Chinatown ,/wiki/Chinatown_(1974_film),"drama,mystery,thriller"
1974,The Conversation,/wiki/The_Conversation,"drama,horror,short"
1974,Lenny ,/wiki/Lenny_(film),"biography,drama"
1974,The Towering Inferno,/wiki/The_Towering_Inferno,"action,drama,thriller"
1975,One Flew Over the Cuckoo's Nest ,/wiki/One_Flew_Over_the_Cuckoo%27s_Nest_(film),drama
1975,Barry Lyndon,/wiki/Barry_Lyndon,"adventure,drama,war"
1975,Dog Day Afternoon,/wiki/Dog_Day_Afternoon,"adventure,animation,comedy"
1975,Jaws ,/wiki/Jaws_(film),"adventure,mystery,thriller"
1975,Nashville ,/wiki/Nashville_(film),"comedy,drama,music"
1976,Rocky,/wiki/Rocky,"comedy,family,fantasy"
1976,All the President's Men ,/wiki/All_the_President%27s_Men_(film),"drama,history,thriller"
1976,Bound for Glory ,/wiki/Bound_for_Glory_(1976_film),"drama,history,war,western"
1976,Network ,/wiki/Network_(1976_film),drama
1976,Taxi Driver,/wiki/Taxi_Driver,"drama,fantasy,horror"
1977,Annie Hall,/wiki/Annie_Hall,"documentary,short"
1977,The Goodbye Girl,/wiki/The_Goodbye_Girl,"comedy,drama,romance"
1977,Julia ,/wiki/Julia_(1977_film),drama
1977,Star Wars ,/wiki/Star_Wars_(film),"action,adventure,fantasy,sci-fi"
1977,The Turning Point ,/wiki/The_Turning_Point_(1977_film),"drama,music,romance"
1978,The Deer Hunter,/wiki/The_Deer_Hunter,"comedy,drama,horror"
1978,Coming Home ,/wiki/Coming_Home_(1978_film),"drama,romance,war"
1978,Heaven Can Wait ,/wiki/Heaven_Can_Wait_(1978_film),"comedy,fantasy,romance,sport"
1978,Midnight Express ,/wiki/Midnight_Express_(film),"biography,crime,drama,thriller"
1978,An Unmarried Woman,/wiki/An_Unmarried_Woman,"comedy,drama,romance"
1979,Kramer vs. Kramer,/wiki/Kramer_vs._Kramer,"crime,drama,reality-tv"
1979,All That Jazz ,/wiki/All_That_Jazz_(film),"drama,music,musical"
1979,Apocalypse Now,/wiki/Apocalypse_Now,"drama,mystery,war"
1979,Breaking Away,/wiki/Breaking_Away,"crime,documentary,mystery"
1979,Norma Rae,/wiki/Norma_Rae,"action,crime,drama"
1980,Ordinary People,/wiki/Ordinary_People,"adventure,comedy,drama"
1980,Coal Miner's Daughter ,/wiki/Coal_Miner%27s_Daughter_(film),"biography,drama,music"
1980,The Elephant Man ,/wiki/The_Elephant_Man_(film),"biography,drama"
1980,Raging Bull,/wiki/Raging_Bull,"biography,drama,sport"
1980,Tess ,/wiki/Tess_(1979_film),"drama,romance"
1981,Chariots of Fire,/wiki/Chariots_of_Fire,"biography,drama,sport"
1981,Atlantic City ,/wiki/Atlantic_City_(1980_film),"crime,drama,romance"
1981,On Golden Pond ,/wiki/On_Golden_Pond_(1981_film),drama
1981,Raiders of the Lost Ark,/wiki/Raiders_of_the_Lost_Ark,"animation,comedy,short"
1981,Reds ,/wiki/Reds_(film),"biography,drama,history,romance"
1982,Gandhi ,/wiki/Gandhi_(film),"biography,drama,history"
1982,E.T. the Extra-Terrestrial,/wiki/E.T._the_Extra-Terrestrial,"adventure,family,sci-fi"
1982,Missing ,/wiki/Missing_(1982_film),"drama,mystery,thriller"
1982,Tootsie,/wiki/Tootsie,"comedy,drama,romance"
1982,The Verdict,/wiki/The_Verdict,"drama,romance,short"
1983,Terms of Endearment,/wiki/Terms_of_Endearment,"comedy,drama,mystery"
1983,The Big Chill ,/wiki/The_Big_Chill_(film),"comedy,drama"
1983,The Dresser ,/wiki/The_Dresser_(1983_film),drama
1983,The Right Stuff ,/wiki/The_Right_Stuff_(film),"adventure,biography,drama,history"
1983,Tender Mercies,/wiki/Tender_Mercies,"crime,drama"
1984,Amadeus ,/wiki/Amadeus_(film),"biography,drama,music"
1984,The Killing Fields ,/wiki/The_Killing_Fields_(film),"biography,drama,history,war"
1984,A Passage to India ,/wiki/A_Passage_to_India_(film),"adventure,drama,history"
1984,Places in the Heart,/wiki/Places_in_the_Heart,drama
1984,A Soldier's Story,/wiki/A_Soldier%27s_Story,"crime,drama,mystery"
1985,Out of Africa ,/wiki/Out_of_Africa_(film),"biography,drama,romance"
1985,The Color Purple ,/wiki/The_Color_Purple_(1985_film),"drama,musical"
1985,Kiss of the Spider Woman ,/wiki/Kiss_of_the_Spider_Woman_(film),drama
1985,Prizzi's Honor,/wiki/Prizzi%27s_Honor,"comedy,crime,drama"
1985,Witness ,/wiki/Witness_(1985_film),"drama,romance,thriller"
1986,Platoon ,/wiki/Platoon_(film),"drama,war"
1986,Children of a Lesser God ,/wiki/Children_of_a_Lesser_God_(film),"drama,romance"
1986,Hannah and Her Sisters,/wiki/Hannah_and_Her_Sisters,"comedy,drama"
1986,The Mission ,/wiki/The_Mission_(1986_film),"adventure,drama,history"
1986,A Room with a View ,/wiki/A_Room_with_a_View_(1985_film),"drama,romance"
1987,The Last Emperor,/wiki/The_Last_Emperor,"biography,drama,history"
1987,Broadcast News ,/wiki/Broadcast_News_(film),"comedy,drama,romance"
1987,Fatal Attraction,/wiki/Fatal_Attraction,"comedy,drama,family"
1987,Hope and Glory ,/wiki/Hope_and_Glory_(film),"comedy,drama,romance"
1987,Moonstruck,/wiki/Moonstruck,"crime,drama,horror"
1988,Rain Man,/wiki/Rain_Man,"comedy,talk-show"
1988,The Accidental Tourist ,/wiki/The_Accidental_Tourist_(film),"drama,romance"
1988,Dangerous Liaisons,/wiki/Dangerous_Liaisons,"drama,history,mystery"
1988,Mississippi Burning,/wiki/Mississippi_Burning,"crime,drama,mystery"
1988,Working Girl,/wiki/Working_Girl,"documentary,drama,short"
1989,Driving Miss Daisy,/wiki/Driving_Miss_Daisy,"comedy,drama,romance"
1989,Born on the Fourth of July ,/wiki/Born_on_the_Fourth_of_July_(film),"biography,drama,war"
1989,Dead Poets Society,/wiki/Dead_Poets_Society,"comedy,drama"
1989,Field of Dreams,/wiki/Field_of_Dreams,"adventure,documentary,family"
1989,My Left Foot,/wiki/My_Left_Foot,"action,comedy,drama"
1990,Dances with Wolves,/wiki/Dances_with_Wolves,"adventure,drama,western"
1990,Awakenings,/wiki/Awakenings,"action,drama,sci-fi"
1990,Ghost ,/wiki/Ghost_(1990_film),"drama,fantasy,romance,thriller"
1990,The Godfather Part III,/wiki/The_Godfather_Part_III,"crime,drama"
1990,Goodfellas,/wiki/Goodfellas,"biography,crime,drama"
1991,The Silence of the Lambs ,/wiki/The_Silence_of_the_Lambs_(film),"crime,drama,thriller"
1991,Beauty and the Beast ,/wiki/Beauty_and_the_Beast_(1991_film),"adventure,family,fantasy,musical,romance"
1991,Bugsy,/wiki/Bugsy,"biography,crime,drama"
1991,JFK ,/wiki/JFK_(film),"drama,history,thriller"
1991,The Prince of Tides,/wiki/The_Prince_of_Tides,"drama,romance"
1992,Unforgiven,/wiki/Unforgiven,"crime,drama,short"
1992,The Crying Game,/wiki/The_Crying_Game,"comedy,drama,romance"
1992,A Few Good Men,/wiki/A_Few_Good_Men,"news,talk-show,war"
1992,Howards End ,/wiki/Howards_End_(film),"drama,romance"
1992,Scent of a Woman ,/wiki/Scent_of_a_Woman_(1992_film),drama
1993,Schindler's List,/wiki/Schindler%27s_List,"biography,drama,history"
1993,The Fugitive ,/wiki/The_Fugitive_(1993_film),"action,crime,drama,mystery,thriller"
1993,In the Name of the Father ,/wiki/In_the_Name_of_the_Father_(film),"biography,crime,drama"
1993,The Piano,/wiki/The_Piano,"drama,musical,short"
1993,The Remains of the Day ,/wiki/The_Remains_of_the_Day_(film),"drama,romance"
1994,Forrest Gump,/wiki/Forrest_Gump,"documentary,family,history"
1994,Four Weddings and a Funeral,/wiki/Four_Weddings_and_a_Funeral,"comedy,drama,romance"
1994,Pulp Fiction,/wiki/Pulp_Fiction,"comedy,reality-tv,talk-show"
1994,Quiz Show ,/wiki/Quiz_Show_(film),"biography,drama,history"
1994,The Shawshank Redemption,/wiki/The_Shawshank_Redemption,"comedy,talk-show"
1995,Braveheart,/wiki/Braveheart,"comedy,documentary,history"
1995,Apollo 13 ,/wiki/Apollo_13_(film),"adventure,drama,history"
1995,Babe ,/wiki/Babe_(film),"comedy,drama,family"
1995,Il Postino: The Postman,/wiki/Il_Postino:_The_Postman,"biography,comedy,drama,romance"
1995,Sense and Sensibility ,/wiki/Sense_and_Sensibility_(film),"drama,romance"
1996,The English Patient ,/wiki/The_English_Patient_(film),"drama,romance,war"
1996,Fargo ,/wiki/Fargo_(1996_film),"crime,thriller"
1996,Jerry Maguire,/wiki/Jerry_Maguire,"comedy,drama,romance"
1996,Secrets & Lies ,/wiki/Secrets_%26_Lies_(film),"comedy,drama"
1996,Shine ,/wiki/Shine_(film),"biography,drama,music,romance"
1997,Titanic ,/wiki/Titanic_(1997_film),"drama,romance"
1997,As Good as It Gets,/wiki/As_Good_as_It_Gets,"comedy,drama,romance"
1997,The Full Monty,/wiki/The_Full_Monty,"comedy,drama"
1997,Good Will Hunting,/wiki/Good_Will_Hunting,"action,adventure,comedy"
1997,L.A. Confidential ,/wiki/L.A._Confidential_(film),"crime,drama,mystery,thriller"
1998,Shakespeare in Love,/wiki/Shakespeare_in_Love,"comedy,drama,history"
1998,Elizabeth ,/wiki/Elizabeth_(film),"biography,drama,history"
1998,Life Is Beautiful,/wiki/Life_Is_Beautiful,"drama,romance,short"
1998,Saving Private Ryan,/wiki/Saving_Private_Ryan,"comedy,documentary,history"
1998,The Thin Red Line ,/wiki/The_Thin_Red_Line_(1998_film),"drama,history,war"
1999,American Beauty ,/wiki/American_Beauty_(1999_film),drama
1999,The Cider House Rules ,/wiki/The_Cider_House_Rules_(film),"drama,romance"
1999,The Green Mile ,/wiki/The_Green_Mile_(film),"crime,drama,fantasy,mystery"
1999,The Insider ,/wiki/The_Insider_(film),"biography,drama,thriller"
1999,The Sixth Sense,/wiki/The_Sixth_Sense,"drama,mystery,thriller"
2000,Gladiator ,/wiki/Gladiator_(2000_film),"action,adventure,drama"
2000,Chocolat ,/wiki/Chocolat_(2000_film),"drama,romance"
2000,"Crouching Tiger, Hidden Dragon","/wiki/Crouching_Tiger,_Hidden_Dragon","action,adventure,drama"
2000,Erin Brockovich ,/wiki/Erin_Brockovich_(film),"biography,drama"
2000,Traffic ,/wiki/Traffic_(2000_film),"crime,drama,thriller"
2001,A Beautiful Mind ,/wiki/A_Beautiful_Mind_(film),"biography,drama"
2001,Gosford Park,/wiki/Gosford_Park,"comedy,drama,mystery"
2001,In the Bedroom,/wiki/In_the_Bedroom,"comedy,drama,short"
2001,The Lord of the Rings: The Fellowship of the Ring,/wiki/The_Lord_of_the_Rings:_The_Fellowship_of_the_Ring,"action,adventure,fantasy"
2001,Moulin Rouge!,/wiki/Moulin_Rouge!,"drama,musical,romance"
2002,Chicago ,/wiki/Chicago_(2002_film),"comedy,crime,musical"
2002,Gangs of New York,/wiki/Gangs_of_New_York,"documentary,history"
2002,The Hours ,/wiki/The_Hours_(film),"drama,romance"
2002,The Lord of the Rings: The Two Towers,/wiki/The_Lord_of_the_Rings:_The_Two_Towers,"action,adventure,drama"
2002,The Pianist ,/wiki/The_Pianist_(2002_film),"biography,drama,music,war"
2003,The Lord of the Rings: The Return of the King,/wiki/The_Lord_of_the_Rings:_The_Return_of_the_King,"action,adventure,drama"
2003,Lost in Translation ,/wiki/Lost_in_Translation_(film),"comedy,drama"
2003,Master and Commander: The Far Side of the World,/wiki/Master_and_Commander:_The_Far_Side_of_the_World,"action,adventure,drama"
2003,Mystic River ,/wiki/Mystic_River_(film),"crime,drama,mystery,thriller"
2003,Seabiscuit ,/wiki/Seabiscuit_(film),"drama,history,sport"
2004,Million Dollar Baby,/wiki/Million_Dollar_Baby,"comedy,drama,music"
2004,The Aviator ,/wiki/The_Aviator_(2004_film),"biography,drama"
2004,Finding Neverland ,/wiki/Finding_Neverland_(film),"biography,drama,family"
2004,Ray ,/wiki/Ray_(film),"biography,drama,music"
2004,Sideways,/wiki/Sideways,"crime,drama,mystery"
2005,Crash ,/wiki/Crash_(2004_film),drama
2005,Brokeback Mountain,/wiki/Brokeback_Mountain,"animation,comedy,short"
2005,Capote ,/wiki/Capote_(film),"biography,crime,drama,history"
2005,"Good Night, and Good Luck","/wiki/Good_Night,_and_Good_Luck",drama
2005,Munich ,/wiki/Munich_(2005_film),"action,drama,history,thriller"
2006,The Departed,/wiki/The_Departed,"crime,drama,thriller"
2006,Babel ,/wiki/Babel_(film),drama
2006,Letters from Iwo Jima,/wiki/Letters_from_Iwo_Jima,"action,adventure,drama"
2006,Little Miss Sunshine,/wiki/Little_Miss_Sunshine,"animation,family,short"
2006,The Queen ,/wiki/The_Queen_(2006_film),"biography,drama"
2007,No Country for Old Men,/wiki/No_Country_for_Old_Men,"animation,comedy,short"
2007,Atonement ,/wiki/Atonement_(2007_film),"drama,mystery,romance,war"
2007,Juno ,/wiki/Juno_(film),"comedy,drama"
2007,Michael Clayton ,/wiki/Michael_Clayton_(film),"crime,drama,mystery,thriller"
2007,There Will Be Blood,/wiki/There_Will_Be_Blood,"action,adventure,drama"
2008,Slumdog Millionaire,/wiki/Slumdog_Millionaire,"crime,drama,romance"
2008,The Curious Case of Benjamin Button ,/wiki/The_Curious_Case_of_Benjamin_Button_(film),"drama,fantasy,romance"
2008,Frost/Nixon ,/wiki/Frost/Nixon_(film),"biography,drama,history"
2008,Milk ,/wiki/Milk_(2008_American_film),"biography,drama,history"
2008,The Reader ,/wiki/The_Reader_(2008_film),"drama,romance"
2009,The Hurt Locker,/wiki/The_Hurt_Locker,"drama,thriller,war"
2009,Avatar ,/wiki/Avatar_(2009_film),"action,adventure,fantasy,sci-fi"
2009,The Blind Side ,/wiki/The_Blind_Side_(film),"biography,drama,sport"
2009,District 9,/wiki/District_9,"action,sci-fi,thriller"
2009,An Education,/wiki/An_Education,"comedy,drama,romance"
2009,Inglourious Basterds,/wiki/Inglourious_Basterds,"adventure,drama,war"
2009,Precious ,/wiki/Precious_(film),drama
2009,A Serious Man,/wiki/A_Serious_Man,"comedy,drama"
2009,Up ,/wiki/Up_(2009_film),"adventure,animation,comedy,drama,family"
2009,Up in the Air ,/wiki/Up_in_the_Air_(2009_film),"comedy,drama,romance"
2010,The King's Speech,/wiki/The_King%27s_Speech,"biography,drama,history"
2010,Black Swan ,/wiki/Black_Swan_(film),"drama,thriller"
2010,The Fighter,/wiki/The_Fighter,"action,adventure,fantasy"
2010,Inception,/wiki/Inception,"comedy,reality-tv,talk-show"
2010,The Kids Are All Right ,/wiki/The_Kids_Are_All_Right_(film),"comedy,drama,romance"
2010,127 Hours,/wiki/127_Hours,"documentary,news"
2010,The Social Network,/wiki/The_Social_Network,"comedy,drama,game-show"
2010,Toy Story 3,/wiki/Toy_Story_3,"comedy,family,short"
2010,True Grit ,/wiki/True_Grit_(2010_film),"drama,western"
2010,Winter's Bone,/wiki/Winter%27s_Bone,"drama,mystery"
2011,The Artist ,/wiki/The_Artist_(film),"comedy,drama,romance"
2011,The Descendants,/wiki/The_Descendants,"biography,documentary,history"
2011,Extremely Loud & Incredibly Close ,/wiki/Extremely_Loud_%26_Incredibly_Close_(film),"adventure,drama,mystery"
2011,The Help ,/wiki/The_Help_(film),drama
2011,Hugo ,/wiki/Hugo_(film),"adventure,drama,family,fantasy,mystery"
2011,Midnight in Paris,/wiki/Midnight_in_Paris,"comedy,documentary,drama"
2011,Moneyball ,/wiki/Moneyball_(film),"biography,drama,sport"
2011,The Tree of Life ,/wiki/The_Tree_of_Life_(film),"drama,fantasy"
2011,War Horse ,/wiki/War_Horse_(film),"action,adventure,drama,history,war"
2012,Argo ,/wiki/Argo_(2012_film),"biography,drama,thriller"
2012,Amour ,/wiki/Amour_(2012_film),drama
2012,Beasts of the Southern Wild,/wiki/Beasts_of_the_Southern_Wild,"adventure,drama,fantasy"
2012,Django Unchained,/wiki/Django_Unchained,"drama,western"
2012,Life of Pi ,/wiki/Life_of_Pi_(film),"adventure,drama,fantasy"
2012,Lincoln ,/wiki/Lincoln_(film),"biography,drama,history,war"
2012,Les Misérables ,/wiki/Les_Mis%C3%A9rables_(2012_film),"crime,drama,thriller"
2012,Silver Linings Playbook,/wiki/Silver_Linings_Playbook,"comedy,drama,romance"
2012,Zero Dark Thirty,/wiki/Zero_Dark_Thirty,"comedy,documentary,mystery"
2013,12 Years a Slave ,/wiki/12_Years_a_Slave_(film),"biography,drama,history"
2013,American Hustle,/wiki/American_Hustle,"reality-tv,talk-show"
2013,Captain Phillips ,/wiki/Captain_Phillips_(film),"action,biography,crime,drama,thriller"
2013,Dallas Buyers Club,/wiki/Dallas_Buyers_Club,"comedy,talk-show"
2013,Gravity ,/wiki/Gravity_(2013_film),"drama,sci-fi,thriller"
2013,Her ,/wiki/Her_(film),"drama,romance,sci-fi"
2013,Nebraska ,/wiki/Nebraska_(film),drama
2013,Philomena ,/wiki/Philomena_(film),"biography,comedy,drama"
2013,The Wolf of Wall Street ,/wiki/The_Wolf_of_Wall_Street_(2013_film),"biography,comedy,crime,drama"
2014,Birdman ,/wiki/Birdman_(film),"comedy,drama"
2014,American Sniper,/wiki/American_Sniper,"action,biography,drama"
2014,Boyhood ,/wiki/Boyhood_(2014_film),drama
2014,The Grand Budapest Hotel,/wiki/The_Grand_Budapest_Hotel,"adventure,comedy,crime"
2014,The Imitation Game,/wiki/The_Imitation_Game,"comedy,drama,game-show"
2014,Selma ,/wiki/Selma_(film),"biography,drama,history"
2014,The Theory of Everything ,/wiki/The_Theory_of_Everything_(2014_film),"biography,drama,romance"
2014,Whiplash ,/wiki/Whiplash_(2014_film),"drama,music"
2015,Spotlight ,/wiki/Spotlight_(film),"biography,crime,drama"
2015,The Big Short ,/wiki/The_Big_Short_(film),"biography,comedy,drama,history"
2015,Bridge of Spies ,/wiki/Bridge_of_Spies_(film),"drama,history,thriller,war"
2015,Brooklyn ,/wiki/Brooklyn_(film),"drama,romance"
2015,Mad Max: Fury Road,/wiki/Mad_Max:_Fury_Road,"action,adventure,sci-fi"
2015,The Martian ,/wiki/The_Martian_(film),"adventure,drama,sci-fi"
2015,The Revenant ,/wiki/The_Revenant_(2015_film),"action,adventure,drama,western"
2015,Room ,/wiki/Room_(2015_film),"drama,thriller"
2016,Moonlight ,/wiki/Moonlight_(2016_film),drama
2016,Arrival ,/wiki/Arrival_(film),"drama,mystery,sci-fi"
2016,Fences ,/wiki/Fences_(film),drama
2016,Hacksaw Ridge,/wiki/Hacksaw_Ridge,"biography,drama,history"
2016,Hell or High Water ,/wiki/Hell_or_High_Water_(2016_film),"crime,drama,thriller,western"
2016,Hidden Figures,/wiki/Hidden_Figures,"comedy,drama,game-show"
2016,La La Land,/wiki/La_La_Land,"comedy,drama,romance"
2016,Lion ,/wiki/Lion_(2016_film),"biography,drama"
2016,Manchester by the Sea ,/wiki/Manchester_by_the_Sea_(film),drama
2017,The Shape of Water,/wiki/The_Shape_of_Water,"comedy,drama,sci-fi"
2017,Call Me by Your Name ,/wiki/Call_Me_by_Your_Name_(film),"drama,romance"
2017,Darkest Hour ,/wiki/Darkest_Hour_(film),"biography,drama,war"
2017,Dunkirk ,/wiki/Dunkirk_(2017_film),"action,drama,history,thriller,war"
2017,Get Out,/wiki/Get_Out,"animation,comedy,crime"
2017,Lady Bird ,/wiki/Lady_Bird_(film),"comedy,drama"
2017,Phantom Thread,/wiki/Phantom_Thread,"comedy,news"
2017,The Post ,/wiki/The_Post_(film),"biography,drama,history,thriller,war"
2017,"Three Billboards Outside Ebbing, Missouri","/wiki/Three_Billboards_Outside_Ebbing,_Missouri","comedy,crime,drama"
2018,Green Book ,/wiki/Green_Book_(film),"biography,comedy,drama,music"
2018,Black Panther ,/wiki/Black_Panther_(film),"action,adventure,sci-fi"
2018,BlacKkKlansman,/wiki/BlacKkKlansman,"biography,comedy,crime"
2018,Bohemian Rhapsody ,/wiki/Bohemian_Rhapsody_(film),"biography,drama,music"
2018,The Favourite,/wiki/The_Favourite,"drama,family,romance"
2018,Roma ,/wiki/Roma_(2018_film),drama
2018,A Star Is Born ,/wiki/A_Star_Is_Born_(2018_film),"drama,music,romance"
2018,Vice ,/wiki/Vice_(2018_film),"biography,comedy,drama"
2019,Parasite ,/wiki/Parasite_(2019_film),"horror,mystery,sci-fi"
2019,Ford v Ferrari,/wiki/Ford_v_Ferrari,"action,biography,drama"
2019,The Irishman,/wiki/The_Irishman,"biography,crime,drama"
2019,Jojo Rabbit,/wiki/Jojo_Rabbit,"comedy,drama,war"
2019,Joker ,/wiki/Joker_(2019_film),"crime,drama,thriller"
2019,Little Women ,/wiki/Little_Women_(2019_film),"drama,romance"
2019,Marriage Story,/wiki/Marriage_Story,"comedy,documentary,news"
2019,1917 ,/wiki/1917_(2019_film),"action,drama,war"
2019,Once Upon a Time in Hollywood,/wiki/Once_Upon_a_Time_in_Hollywood,"comedy,talk-show"
2020,Nomadland ,/wiki/Nomadland_(film),drama
2020,The Father ,/wiki/The_Father_(2020_film),"drama,mystery"
2020,Judas and the Black Messiah,/wiki/Judas_and_the_Black_Messiah,"biography,drama,history"
2020,Mank,/wiki/Mank,"biography,comedy,drama"
2020,Minari ,/wiki/Minari_(film),drama
2020,Promising Young Woman,/wiki/Promising_Young_Woman,"crime,drama,mystery"
2020,Sound of Metal,/wiki/Sound_of_Metal,"drama,music"
2020,The Trial of the Chicago 7,/wiki/The_Trial_of_the_Chicago_7,"drama,history,thriller"
2021,CODA ,/wiki/CODA_(2021_film),"comedy,drama,music"
2021,Belfast ,/wiki/Belfast_(film),"biography,drama"
2021,Don't Look Up,/wiki/Don%27t_Look_Up,"comedy,drama,sci-fi"
2021,Drive My Car ,/wiki/Drive_My_Car_(film),drama
2021,Dune ,/wiki/Dune_(2021_film),"action,adventure,drama,sci-fi"
2021,King Richard ,/wiki/King_Richard_(film),"biography,drama,sport"
2021,Licorice Pizza,/wiki/Licorice_Pizza,"comedy,drama,romance"
2021,Nightmare Alley ,/wiki/Nightmare_Alley_(2021_film),"crime,drama,thriller"
2021,The Power of the Dog ,/wiki/The_Power_of_the_Dog_(film),"drama,romance,western"
2021,West Side Story ,/wiki/West_Side_Story_(2021_film),"crime,drama,musical,romance"
2022,Everything Everywhere All at Once,/wiki/Everything_Everywhere_All_at_Once,"action,adventure,comedy"
2022,All Quiet on the Western Front ,/wiki/All_Quiet_on_the_Western_Front_(2022_film),"drama,war"
2022,Avatar: The Way of Water,/wiki/Avatar:_The_Way_of_Water,"action,adventure,fantasy"
2022,The Banshees of Inisherin,/wiki/The_Banshees_of_Inisherin,"comedy,drama"
2022,Elvis ,/wiki/Elvis_(2022_film),"biography,drama,music"
2022,The Fabelmans,/wiki/The_Fabelmans,"comedy,talk-show"
2022,Tár,/wiki/T%C3%A1r,"drama,music"
2022,Top Gun: Maverick,/wiki/Top_Gun:_Maverick,"comedy,talk-show"
2022,Triangle of Sadness,/wiki/Triangle_of_Sadness,"comedy,drama"
2022,Women Talking ,/wiki/Women_Talking_(film),drama
